EZA77K,1.00,true,1750136246368
YTK0QX,5.00,false,1750136265284
JLUWRI,5.00,false,1750136265284
DW7Z9H,5.00,false,1750136265284
G95JTX,5.00,false,1750136265284
SPJVQH,5.00,false,1750136265284
IL230A,5.00,false,1750136265285
N0J82T,5.00,false,1750136265285
4GSKPP,5.00,false,1750136265285
U1LC64,5.00,false,1750136265285
HJM2PP,5.00,false,1750136265285
IQJ0Y8,5.00,false,1750136265285
J310R2,5.00,false,1750136265285
GWN671,5.00,false,1750136265285
3U8FYD,5.00,false,1750136265285
QDC19D,5.00,false,1750136265285
KMNSOL,5.00,false,1750136265285
UCEFCT,5.00,false,1750136265285
21E60V,5.00,false,1750136265286
AD7LDL,5.00,false,1750136265286
AJKH86,5.00,false,1750136265286
16Y24J,5.00,false,1750136265286
QF2XN4,5.00,false,1750136265286
EKIJC2,5.00,false,1750136265286
HAOWSF,5.00,false,1750136265286
9QY6BH,5.00,false,1750136265286
04I3PO,5.00,false,1750136265286
SMBHE9,5.00,false,1750136265286
K7RTNO,5.00,false,1750136265286
VW6LJX,5.00,false,1750136265286
XVV4L8,5.00,false,1750136265287
GFZSK7,5.00,false,1750136265287
E37BDE,5.00,false,1750136265287
YE23VM,5.00,false,1750136265287
8UJFEK,5.00,false,1750136265287
W7OTFO,5.00,false,1750136265287
23NZ09,5.00,false,1750136265287
4WPV5T,5.00,false,1750136265287
4XVGND,5.00,false,1750136265287
2V3L2P,5.00,false,1750136265287
QLAL7A,5.00,false,1750136265287
IR4403,5.00,false,1750136265287
JON80L,5.00,false,1750136265287
H56FIA,5.00,false,1750136265287
TTVOAQ,5.00,false,1750136265287
AX8RFX,5.00,false,1750136265287
9MWC1O,5.00,false,1750136265287
6T49LP,5.00,false,1750136265287
GPT7NM,5.00,false,1750136265287
4R75AU,5.00,false,1750136265287
ZDYY5R,5.00,false,1750136265287
ZCFWBX,5.00,false,1750136265287
SCUWE3,5.00,false,1750136265287
KTU602,5.00,false,1750136265287
76H64N,5.00,false,1750136265288
92SOY9,5.00,false,1750136265288
V7WMXT,5.00,false,1750136265288
4M26KU,5.00,false,1750136265288
Y26YZ5,5.00,false,1750136265288
4Z3WU3,5.00,false,1750136265288
4NVUQO,5.00,false,1750136265288
JJFL7L,5.00,false,1750136265288
12EOJ7,5.00,false,1750136265288
YB6CU6,5.00,false,1750136265288
05GGU3,5.00,false,1750136265288
3JLUKN,5.00,false,1750136265288
YTC5ZA,5.00,false,1750136265288
79WD05,5.00,false,1750136265288
G66YC8,5.00,false,1750136265288
AFXQQI,5.00,false,1750136265288
4O64C9,5.00,false,1750136265288
S79AYK,5.00,false,1750136265288
P2IYGZ,5.00,false,1750136265288
6U8AL9,5.00,false,1750136265288
N6SZCK,5.00,false,1750136265288
4ZXSS7,5.00,false,1750136265288
P5WVXG,5.00,false,1750136265288
EZTB5O,5.00,false,1750136265289
CT9NIO,5.00,false,1750136265289
W4Q020,5.00,false,1750136265289
7AJUBT,5.00,false,1750136265289
M8L7KW,5.00,false,1750136265289
EPP5XV,5.00,false,1750136265289
MQ06VY,5.00,false,1750136265289
1ARZH4,5.00,false,1750136265289
1IKRWG,5.00,false,1750136265289
J235IK,5.00,false,1750136265289
70HG6K,5.00,false,1750136265289
Z2028N,5.00,false,1750136265289
A5OVW1,5.00,false,1750136265289
PXJXLX,5.00,false,1750136265290
MWPP5S,5.00,false,1750136265290
2XIAE2,5.00,false,1750136265290
B7NZX1,5.00,false,1750136265290
V4HIYN,5.00,false,1750136265290
GXYMG3,5.00,false,1750136265290
SYGVT8,5.00,false,1750136265290
14VVBH,5.00,false,1750136265290
